{"P001": {"src_mtime": 1781172267.8859499, "dhash": 18012701941472737392}, "P002": {"src_mtime": 1781172267.8989913, "dhash": 17361652519372782328}, "P003": {"src_mtime": 1781172267.9114516, "dhash": 141294806647281}, "P004": {"src_mtime": 1781172267.9234796, "dhash": 17363901575793262831}, "P005": {"src_mtime": 1781172267.9335077, "dhash": 18220681033590562012}, "P006": {"src_mtime": 1781172267.9453797, "dhash": 10363259457434626381}}