{"P131": {"src_mtime": 1783883448.7731974, "dhash": 9278474902883788512}, "P132": {"src_mtime": 1783883448.7772033, "dhash": 15657126020701078724}, "P133": {"src_mtime": 1783883448.781203, "dhash": 514293295548424676}, "P134": {"src_mtime": 1783883448.7912078, "dhash": 107795906833}, "P135": {"src_mtime": 1783883448.7958088, "dhash": 74062276457328623}, "P136": {"src_mtime": 1783883448.7988124, "dhash": 1953255463589769712}, "P137": {"src_mtime": 1783883448.802811, "dhash": 8896146224118132332}, "P138": {"src_mtime": 1783883448.8058136, "dhash": 13871229254148195840}, "P139": {"src_mtime": 1783883448.8128107, "dhash": 13676533522249574418}, "P140": {"src_mtime": 1783883448.8158085, "dhash": 1012495446417891410}, "P141": {"src_mtime": 1783883448.8199189, "dhash": 18346428612596391644}, "P142": {"src_mtime": 1783883448.823921, "dhash": 506390402640054023}, "P143": {"src_mtime": 1783883448.8269255, "dhash": 4557426904675450329}, "P144": {"src_mtime": 1783883448.8309252, "dhash": 18174612065587807948}, "P145": {"src_mtime": 1783883448.8349223, "dhash": 8536140688963036910}, "P146": {"src_mtime": 1783883448.8389308, "dhash": 16493560364304091015}, "P147": {"src_mtime": 1783883448.840936, "dhash": 13129747993082994111}, "P148": {"src_mtime": 1783883448.8480792, "dhash": 7722325622698316016}, "P204": {"src_mtime": 1783883449.038967, "dhash": 10236417031783062548}, "P205": {"src_mtime": 1783883449.043139, "dhash": 2278412531237392402}, "P206": {"src_mtime": 1783883449.0439365, "dhash": 505937145146360581}, "P207": {"src_mtime": 1783883449.0439365, "dhash": 9697700369801683980}, "P208": {"src_mtime": 1783883449.055943, "dhash": 14440254763608564464}, "P209": {"src_mtime": 1783883449.059872, "dhash": 16210927650070856059}, "P210": {"src_mtime": 1783883449.0660393, "dhash": 14461876301893199843}, "P211": {"src_mtime": 1783883449.072155, "dhash": 12681285512778976926}, "P212": {"src_mtime": 1783883449.0781598, "dhash": 14114783484640166658}, "P213": {"src_mtime": 1783883449.0821595, "dhash": 7491558958226142975}, "P214": {"src_mtime": 1783883449.090158, "dhash": 17239521879177886975}, "P215": {"src_mtime": 1783883449.0944846, "dhash": 1739771301839260812}, "P216": {"src_mtime": 1783883449.0984838, "dhash": 14404736903377109185}, "P217": {"src_mtime": 1783883449.1014843, "dhash": 54113704141712614}, "P218": {"src_mtime": 1783883449.1064825, "dhash": 1314551439422488576}, "P219": {"src_mtime": 1783883449.1104848, "dhash": 433535215332222947}, "P220": {"src_mtime": 1783883449.1144881, "dhash": 936977970672518422}, "P221": {"src_mtime": 1783883449.138631, "dhash": 2235812283097019500}, "P222": {"src_mtime": 1783883449.1432009, "dhash": 111618902031535742}, "P223": {"src_mtime": 1783883449.14383, "dhash": 14115375415419945747}, "P224": {"src_mtime": 1783883449.14383, "dhash": 9777204962468437791}, "P225": {"src_mtime": 1783883449.1553679, "dhash": 4356225663881020179}, "P226": {"src_mtime": 1783883449.1583743, "dhash": 10635009792610389132}, "P227": {"src_mtime": 1783883449.1633978, "dhash": 4282917578828984521}, "P228": {"src_mtime": 1783883449.1680915, "dhash": 13219177508995235487}, "P229": {"src_mtime": 1783883449.1720958, "dhash": 6863375635176677112}, "P230": {"src_mtime": 1783883449.1760955, "dhash": 280577568255230867}, "P231": {"src_mtime": 1783883449.180095, "dhash": 506381209869219871}, "P232": {"src_mtime": 1783883449.1830945, "dhash": 9476421904362866308}, "P233": {"src_mtime": 1783883449.1900966, "dhash": 1151766128969615832}, "P234": {"src_mtime": 1783883449.1936326, "dhash": 7437164873894714561}, "P235": {"src_mtime": 1783883449.1936326, "dhash": 9449188663587562339}, "P236": {"src_mtime": 1783883449.2014172, "dhash": 14924538687228147904}, "P237": {"src_mtime": 1783883449.205473, "dhash": 8661569974244540707}, "P238": {"src_mtime": 1783883449.209472, "dhash": 3896744029520926748}, "P239": {"src_mtime": 1783883449.2134721, "dhash": 14025938238915765488}, "P240": {"src_mtime": 1783883449.217582, "dhash": 506099734956688424}, "P241": {"src_mtime": 1783883449.2275815, "dhash": 7436456067768461094}, "P242": {"src_mtime": 1783883449.2305806, "dhash": 9169081208670717705}, "P243": {"src_mtime": 1783883449.234582, "dhash": 5208629053409947244}, "P244": {"src_mtime": 1783883449.2385826, "dhash": 1010920966825961351}, "P245": {"src_mtime": 1783883449.240583, "dhash": 14481386717714670567}, "P246": {"src_mtime": 1783883449.2458322, "dhash": 5143670425873331013}, "P247": {"src_mtime": 1783883449.2488313, "dhash": 1145038140440526390}, "P248": {"src_mtime": 1783883449.252834, "dhash": 217024933740611358}, "P249": {"src_mtime": 1783883449.2558336, "dhash": 18439934586784064114}, "P250": {"src_mtime": 1783883449.2608342, "dhash": 16653248849667282151}, "P251": {"src_mtime": 1783883449.2648332, "dhash": 15915685348998639351}, "P252": {"src_mtime": 1783883449.2689443, "dhash": 18441653321971069169}, "P253": {"src_mtime": 1783883449.2739494, "dhash": 12824485239655035121}, "P254": {"src_mtime": 1783883449.2779434, "dhash": 776474591963811815}, "P255": {"src_mtime": 1783883449.2819424, "dhash": 9732005085037186940}, "P256": {"src_mtime": 1783883449.2859445, "dhash": 18392423338290148255}, "P257": {"src_mtime": 1783883449.2889426, "dhash": 81775957499768952}, "P149": {"src_mtime": 1783883449.4126942, "dhash": 1101492171464418996}, "P150": {"src_mtime": 1783883449.416804, "dhash": 15621526685451452012}, "P151": {"src_mtime": 1783883449.4208047, "dhash": 10369334745304859407}, "P152": {"src_mtime": 1783883449.4248037, "dhash": 1085102658072608738}, "P153": {"src_mtime": 1783883449.42781, "dhash": 2387790857018706952}, "P154": {"src_mtime": 1783883449.4323678, "dhash": 2106336815084716417}, "P155": {"src_mtime": 1783883449.440916, "dhash": 16637676802804739304}, "P156": {"src_mtime": 1783883449.4435437, "dhash": 74044673288603142}, "P157": {"src_mtime": 1783883449.4435437, "dhash": 7044772268023422576}, "P158": {"src_mtime": 1783883449.454445, "dhash": 521072974834370319}, "P159": {"src_mtime": 1783883449.4584446, "dhash": 2238024097177997071}, "P160": {"src_mtime": 1783883449.4624453, "dhash": 14157401000360476960}, "P161": {"src_mtime": 1783883449.4685934, "dhash": 13096395959787343954}, "P162": {"src_mtime": 1783883449.4755898, "dhash": 939847154940465176}, "P163": {"src_mtime": 1783883449.4795904, "dhash": 7505293343893035614}, "P164": {"src_mtime": 1783883449.482591, "dhash": 5217464806713071640}, "P165": {"src_mtime": 1783883449.4865901, "dhash": 9332310579509151685}, "P166": {"src_mtime": 1783883449.4905899, "dhash": 5676224380456437952}, "P167": {"src_mtime": 1783883448.8681827, "dhash": 3826820607188654019}, "P168": {"src_mtime": 1783883448.8721836, "dhash": 1437620111044833496}, "P169": {"src_mtime": 1783883448.8761842, "dhash": 10342463561116649355}, "P170": {"src_mtime": 1783883448.8801844, "dhash": 18302417766262763518}, "P171": {"src_mtime": 1783883448.884184, "dhash": 2310359805543379431}, "P172": {"src_mtime": 1783883448.8881814, "dhash": 9911045173697525543}, "P173": {"src_mtime": 1783883448.8923106, "dhash": 506451836778513152}, "P174": {"src_mtime": 1783883448.8963132, "dhash": 18175683642832515316}, "P175": {"src_mtime": 1783883448.8993094, "dhash": 541333089080043399}, "P176": {"src_mtime": 1783883448.9133096, "dhash": 218159730552588391}, "P177": {"src_mtime": 1783883448.917422, "dhash": 9260682372889307584}, "P178": {"src_mtime": 1783883448.921422, "dhash": 17795539034046410661}, "P179": {"src_mtime": 1783883448.9254217, "dhash": 2242576248708194528}, "P180": {"src_mtime": 1783883448.929422, "dhash": 4430616481154678542}, "P181": {"src_mtime": 1783883448.9334219, "dhash": 9352086578967944714}, "P182": {"src_mtime": 1783883448.937422, "dhash": 4613673177777770521}, "P183": {"src_mtime": 1783883448.9404204, "dhash": 6919267971307093823}, "P184": {"src_mtime": 1783883448.9440737, "dhash": 6944657141133312358}, "P185": {"src_mtime": 1783883448.9440737, "dhash": 13328660262243714976}, "P024": {"src_mtime": 1783883449.514693,