{"P061": {"src_mtime": 1783202865.6604824, "dhash": 18012701941472737392}, "P062": {"src_mtime": 1783202865.6643507, "dhash": 17361652519372782328}, "P063": {"src_mtime": 1783202865.6687157, "dhash": 141294806647281}, "P064": {"src_mtime": 1783202865.6739414, "dhash": 17363901575793262831}, "P065": {"src_mtime": 1783202865.6798701, "dhash": 18220681033590562012}, "P066": {"src_mtime": 1783202865.6845624, "dhash": 10363259457434626381}, "P067": {"src_mtime": 1783202865.6890879, "dhash": 14395694394802390983}, "P068": {"src_mtime": 1783202865.693042, "dhash": 16500341278898747707}, "P069": {"src_mtime": 1783202865.6967921, "dhash": 1012763523556511502}, "P070": {"src_mtime": 1783202865.7005801, "dhash": 17357120220336087523}, "P071": {"src_mtime": 1783202865.7042568, "dhash": 1085093765219607523}, "P072": {"src_mtime": 1783202865.7087786, "dhash": 17525546015285825534}, "P073": {"src_mtime": 1783202865.7170582, "dhash": 13753673151575517359}, "P074": {"src_mtime": 1783202865.722746, "dhash": 11067763869189938780}, "P075": {"src_mtime": 1783202865.7276871, "dhash": 11577898057864425779}, "P076": {"src_mtime": 1783202865.7339418, "dhash": 3901848063830156645}, "P077": {"src_mtime": 1783202865.7395763, "dhash": 9223937194455139075}, "P078": {"src_mtime": 1783202865.7440867, "dhash": 14729154764985710872}, "P079": {"src_mtime": 1783202865.74886, "dhash": 14540303544553298631}, "P080": {"src_mtime": 1783202865.7552886, "dhash": 1089623853373529881}, "P081": {"src_mtime": 1783202865.7593653, "dhash": 18446743995962327039}, "P082": {"src_mtime": 1783202865.7640214, "dhash": 9765991494271239686}, "P083": {"src_mtime": 1783202865.7679873, "dhash": 9548903090598757604}, "P084": {"src_mtime": 1783202865.7720094, "dhash": 14756300265578057551}, "P085": {"src_mtime": 1783202865.7800794, "dhash": 4858032918026658873}, "P086": {"src_mtime": 1783202865.7843845, "dhash": 80784448144475907}, "P087": {"src_mtime": 1783202865.7883353, "dhash": 18446603183154216767}, "P175": {"src_mtime": 1783202865.7983046, "dhash": 5860119157479777075}, "P176": {"src_mtime": 1783202865.8022726, "dhash": 10199964370105895705}, "P177": {"src_mtime": 1783202865.8067298, "dhash": 3472328710724567521}, "P178": {"src_mtime": 1783202865.8112583, "dhash": 11502158054809391055}, "P179": {"src_mtime": 1783202865.8153362, "dhash": 940565311815345766}, "P180": {"src_mtime": 1783202865.8191605, "dhash": 434041071522940430}, "P181": {"src_mtime": 1783202865.8234162, "dhash": 13898214416306933840}, "P182": {"src_mtime": 1783202865.8279617, "dhash": 7378062103156192625}, "P183": {"src_mtime": 1783202865.832186, "dhash": 506378985006368396}, "P184": {"src_mtime": 1783202865.8366683, "dhash": 13835021631810957052}, "P185": {"src_mtime": 1783202865.8421824, "dhash": 9495213674709890438}, "P186": {"src_mtime": 1783202865.8484542, "dhash": 11497425068760194846}, "P187": {"src_mtime": 1783202865.8550107, "dhash": 14041269943451504334}, "P188": {"src_mtime": 1783202865.859493, "dhash": 14902075561559222087}, "P189": {"src_mtime": 1783202865.863501, "dhash": 11285049301560535353}, "P190": {"src_mtime": 1783202865.867898, "dhash": 10290389586218443876}, "P191": {"src_mtime": 1783202865.872324, "dhash": 14180934506930161356}, "P192": {"src_mtime": 1783202865.8768861, "dhash": 10145709240540253260}, "P088": {"src_mtime": 1783202866.1765058, "dhash": 1048378387946252195}, "P089": {"src_mtime": 1783202866.182238, "dhash": 4118089300209721907}, "P090": {"src_mtime": 1783202866.1876633, "dhash": 2253316535847685967}, "P091": {"src_mtime": 1783202866.1939075, "dhash": 4613672883375270147}, "P092": {"src_mtime": 1783202866.1989367, "dhash": 3399520175670004939}, "P093": {"src_mtime": 1783202866.2038105, "dhash": 459473133337601267}, "P094": {"src_mtime": 1783202866.2094932, "dhash": 1659467238113816624}, "P095": {"src_mtime": 1783202866.2146811, "dhash": 10812646811049528846}, "P096": {"src_mtime": 1783202866.2205713, "dhash": 13654874063880841143}, "P097": {"src_mtime": 1783202866.226817, "dhash": 5933271727267022021}, "P098": {"src_mtime": 1783202866.232987, "dhash": 2097988615778754290}, "P099": {"src_mtime": 1783202866.2375858, "dhash": 7600239407722494265}, "P100": {"src_mtime": 1783202866.2464223, "dhash": 5569017564535940724}, "P101": {"src_mtime": 1783202866.251646, "dhash": 220640869132374425}, "P102": {"src_mtime": 1783202866.2570152, "dhash": 15973190546742851644}, "P103": {"src_mtime": 1783202866.2627718, "dhash": 9331880657691402470}, "P104": {"src_mtime": 1783202866.2682467, "dhash": 6438677191497539231}, "P105": {"src_mtime": 1783202866.2741785, "dhash": 1953325404520684345}, "P106": {"src_mtime": 1783202866.2784953, "dhash": 13889349067792187132}, "P107": {"src_mtime": 1783202866.2835603, "dhash": 7017566065852742766}, "P108": {"src_mtime": 1783202866.2885418, "dhash": 11185674285081378719}, "P109": {"src_mtime": 1783202866.2931943, "dhash": 9697615125429579599}, "P110": {"src_mtime": 1783202866.2989285, "dhash": 2387752365187444960}, "P111": {"src_mtime": 1783202866.3046322, "dhash": 13017133711250280929}, "P112": {"src_mtime": 1783202866.3124907, "dhash": 9277626338617860144}, "P113": {"src_mtime": 1783202866.3171823, "dhash": 218150833618010250}, "P114": {"src_mtime": 1783202866.3218021, "dhash": 4612251186798788608}, "P115": {"src_mtime": 1783202866.3262908, "dhash": 10850531343824381921}, "P116": {"src_mtime": 1783202866.3312025, "dhash": 8282313454066866457}, "P117": {"src_mtime": 1783202866.3377824, "dhash": 3692704438515087931}, "P118": {"src_mtime": 1783202866.3427188, "dhash": 1733903524319212557}, "P119": {"src_mtime": 1783202866.3469124, "dhash": 12089850829874783617}, "P120": {"src_mtime": 1783202866.3508627, "dhash": 9695556789055415910}, "P121": {"src_mtime": 1783202866.3565037, "dhash": 3675859816372700935}, "P122": {"src_mtime": 1783202866.362198, "dhash": 2459669635893876985}, "P123": {"src_mtime": 1783202866.3681743, "dhash": 16267154252809185255}, "P124": {"src_mtime": 1783202866.37751, "dhash": 216455356602385542}, "P125": {"src_mtime": 1783202866.383088, "dhash": 73472691339862304}, "P126": {"src_mtime": 1783202866.3873913, "dhash": 288656445598105600}, "P127": {"src_mtime": 1783202866.3924558, "dhash": 1403096498434359567}, "P128": {"src_mtime": 1783202866.3967607, "dhash": 8072717233499957356}, "P129": {"src_mtime": 1783202866.4011695, "dhash": 11226279953491086540}, "P130": {"src_mtime": 1783202866.4054677, "dhash": 16420370669990134627}, "P131": {"src_mtime": 1783202866.4097223, "dhash": 17202831997183772358}, "P132": {"src_mtime": 1783202866.4142997, "dhash": 14540105325880133832}, "P133": {"src_mtime": 1783202866.4182699, "dhash": 4316644085816680678}, "P134": {"src_mtime": 1783202866.4245887, "dhash": 2381707691468575940}, "P135": {"src_mtime": 1783202866.4291267, "dhash": 17972994268833302351}, "P136": {"src_mtime": 1783202866.4371612, "dhash": 1089622853848829711}, "P137": {"src_mtime": 1783202866.4420109, "dhash": 868664896874549007}, "P138": {"src_mtime": 1783202866.4456878, "dhash": 1}, "P139": {"src_mtime": 1783202866.4499629, "dhash": 282599821009136}, "P140": {"src_mtime": 1783202866.453474, "dhash": 15571204542086250496}, "P141": {"src_mtime": 1783202866.4585369, "dhash": 17652853681317496819}, "P142": {"src_mtime": 1783202866.4633949, "dhash": 3546648449223370534}, "P143": {"src_mtime": 1783202866.4680724, "dhash": 18393195403343052432}, "P144": {"src_mtime": 1783202866.4733863, "dhash": 292522264779497052}, "P145": {"src_mtime": 1783202866.4774399, "dhash": 8104430634043758796}, "P146": {"src_mtime": 1783202866.4822934, "dhash": 16016140368186083038}, "P147": {"src_mtime": 1783202866.4877062, "dhash": 9370617599480237837}, "P148": {"src_mtime": 1783202866.4977763, "dhash": 15594890300058642958}, "P149": {"src_mtime": 1783202866.5025308, "dhash": 16209828163723775166}, "P150": {"src_mtime": 1783202866.5078778, "dhash": 11296319338867757822}, "P151": {"src_mtime": 1783202866.5181563, "dhash": 14757443276836228336}, "P152": {"src_mtime": 1783202866.5240998,